P0C6X5_3C,SGLKKMAQPSGCVERCVVRVCYGSTVLNGVWLGDTVTCPRHVIAPSTTVLIDYDHAYSTMRLHNFSVSHNGVFLGVVGVTMHGSVLRIKVSQSNVHTPKHVFKTLKPGDSFNILACYEGIASGVFGVNLRTNFTIKGSFINGACGSPGYNVRNDGTVEFCYLHQIELGSGAHVGSDFTGSVYGNFDDQPSLQVESANLMLSDNVVAFLYAALLNGCRWWLCSTRVNVDGFNEWAMANGYTSVSSVECYSILAAKTGVSVEQLLASIQHLHEGFGGKNILGYSSLCDEFTLAEVVKQMYGVNLQ
Q98VG9_3C,SGLRKMAQPSGVVEPCIVRVAYGNNVLNGLWLGDEVICPRHVIASDTSRVINYENELSSVRLHNFSIAKNNAFLGVVSAKYKGVNLVLKVNQVNPNTPEHKFKSVRPGESFNILACYEGCPGSVYGVNMRSQGTIKGSFIAGTCGSVGYVLENGTLYFVYMHHLELGNGSHVGSNLEGEMYGGYEDQPSMQLEGTNVMSSDNVVAFLYAALINGERWFVTNTSMTLESYNAWAKTNSFTEIVSTDAFNMLAAKTGYSVEKLLECIVRLNKGFGGRTILSYGSLCDEFTPTEVIRQMYGVNLQ
P0DTD1_Pap,APTKVTFGDDTVIEVQGYKSVNITFELDERIDKVLNEKCSAYTVELGTEVNEFACVVADAVIKTLQPVSELLTPLGIDLDEWSMATYYLFDESGEFKLASHMYCSFYPPDEDEEEGDCEEEEFEPSTQYEYGTEDDYQGKPLEFGATSAALQPEEEQEEDWLDDDSQQTVGQQDGSEDNQTTTIQTIVEVQPQLEMELTPVVQTIEVNSFSGYLKLTDNVYIKNADIVEEAKKVKPTVVVNAANVYLKHGGGVAGALNKATNNAMQVESDDYIATNGPLKVGGSCVLSGHNLAKHCLHVVGPNVNKGEDIQLLKSAYENFNQHEVLLAPLLSAGIFGADPIHSLRVCVDTVRTNVYLAVFDKNLYDKLVSSFLEMKSEKQVEQKIAEIPKEEVKPFITESKPSVEQRKQDDKKIKACVEEVTTTLEETKFLTENLLLYIDINGNLHPDSATLVSDIDITFLKKDAPYIVGDVVQEGVLTAVVIPTKKAGGTTEMLAKALRKVPTDNYITTYPGQGLNGYTVEEAKTVLKKCKSAFYILPSIISNEKQEILGTVSWNLREMLAHAEETRKLMPVCVETKAIVSTIQRKYKGIKIQEGVVDYGARFYFYTSKTTVASLINTLNDLNETLVTMPLGYVTHGLNLEEAARYMRSLKVPATVSVSSPDAVTAYNGYLTSSSKTPEEHFIETISLAGSYKDWSYSGQSTQLGIEFLKRGDKSVYYTSNPTTFHLDGEVITFDNLKTLLSLREVRTIKVFTTVDNINLHTQVVDMSMTYGQQFGPTYLDGADVTKIKPHNSHEGKTFYVLPNDDTLRVEAFEYYHTTDPSFLGRYMSALNHTKKWKYPQVNGLTSIKWADNNCYLATALLTLQQIELKFNPPALQDAYYRARAGEAANFCALILAYCNKTVGELGDVRETMSYLFQHANLDSCKRVLNVVCKTCGQQQTTLKGVEAVMYMGTLSYEQFKKGVQIPCTCGKQATKYLVQQESPFVMMSAPPAQYELKHGTFTCASEYTGNYQCGHYKHITSKETLYCIDGALLTKSSEYKGPITDVFYKENSYTTTIKPVTYKLDGVVCTEIDPKLDNYYKKDNSYFTEQPIDLVPNQPYPNASFDNFKFVCDNIKFADDLNQLTGYKKPASRELKVTFFPDLNGDVVAIDYKHYTPSFKKGAKLLHKPIVWHVNNATNKATYKPNTWCIRCLWSTKPVETSNSFDVLKSEDAQGMDNLACEDLKPVSEEVVENPTIQKDVLECNVKTTEVVGDIILKPANNSLKITEEVGHTDLMAAYVDNSSLTIKKPNELSRVLGLKTLATHGLAAVNSVPWDTIANYAKPFLNKVVSTTTNIVTRCLNRVCTNYMPYFFTLLLQLCTFTRSTNSRIKASMPTTIAKNTVKSVGKFCLEASFNYLKSPNFSKLINIIIWFLLLSVCLGSLIYSTAALGVLMSNLGMPSYCTGYREGYLNSTNVTIATYCTGSIPCSVCLSGLDSLDTYPSLETIQITISSFKWDLTAFGLVAEWFLAYILFTRFFYVLGLAAIMQLFFSYFAVHFISNSWLMWLIINLVQMAPISAMVRMYIFFASFYYVWKSYVHVVDGCNSSTCMMCYKRNRATRVECTTIVNGVRRSFYVYANGGKGFCKLHNWNCVNCDTFCAGSTFISDEVARDLSLQFKRPINPTDQSSYIVDSVTVKNGSIHLYFDKAGQKTYERHSLSHFVNLDNLRANNTKGSLPINVIVFDGKSKCEESSAKSASVYYSQLMCQPILLLDQALVSDVGDSAEVAVKMFDAYVNTFSSTFNVPMEKLKTLVATAEAELAKNVSLDNVLSTFISAARQGFVDSDVETKDVVECLKLSHQSDIEVTGDSCNNYMLTYNKVENMTPRDLGACIDCSARHINAQVAKSHNIALIWNVKDFMSLSEQLRKQIRSAAKKNNLPFKLTCATTRQVVNVVTTKIALKGG
P03372,MTMTLHTKASGMALLHQIQGNELEPLNRPQLKIPLERPLGEVYLDSSKPAVYNYPEGAAYEFNAAAAANAQVYGQTGLPYGPGSEAAAFGSNGLGGFPPLNSVSPSPLMLLHPPPQLSPFLQPHGQQVPYYLENEPSGYTVREAGPPAFYRPNSDNRRQGGRERLASTNDKGSMAMESAKETRYCAVCNDYASGYHYGVWSCEGCKAFFKRSIQGHNDYMCPATNQCTIDKNRRKSCQACRLRKCYEVGMMKGGIRKDRRGGRMLKHKRQRDDGEGRGEVGSAGDMRAANLWPSPLMIKRSKKNSLALSLTADQMVSALLDAEPPILYSEYDPTRPFSEASMMGLLTNLADRELVHMINWAKRVPGFVDLTLHDQVHLLECAWLEILMIGLVWRSMEHPGKLLFAPNLLLDRNQGKCVEGMVEIFDMLLATSSRFRMMNLQGEEFVCLKSIILLNSGVYTFLSSTLKSLEEKDHIHRVLDKITDTLIHLMAKAGLTLQQQHQRLAQLLLILSHIRHMSNKGMEHLYSMKCKNVVPLYDLLLEMLDAHRLHAPTSRGGASVEETDQSHLATAGSTSSHSLQKYYITGEAEGFPATV
P08183,MDLEGDRNGGAKKKNFFKLNNKSEKDKKEKKPTVSVFSMFRYSNWLDKLYMVVGTLAAIIHGAGLPLMMLVFGEMTDIFANAGNLEDLMSNITNRSDINDTGFFMNLEEDMTRYAYYYSGIGAGVLVAAYIQVSFWCLAAGRQIHKIRKQFFHAIMRQEIGWFDVHDVGELNTRLTDDVSKINEGIGDKIGMFFQSMATFFTGFIVGFTRGWKLTLVILAISPVLGLSAAVWAKILSSFTDKELLAYAKAGAVAEEVLAAIRTVIAFGGQKKELERYNKNLEEAKRIGIKKAITANISIGAAFLLIYASYALAFWYGTTLVLSGEYSIGQVLTVFFSVLIGAFSVGQASPSIEAFANARGAAYEIFKIIDNKPSIDSYSKSGHKPDNIKGNLEFRNVHFSYPSRKEVKILKGLNLKVQSGQTVALVGNSGCGKSTTVQLMQRLYDPTEGMVSVDGQDIRTINVRFLREIIGVVSQEPVLFATTIAENIRYGRENVTMDEIEKAVKEANAYDFIMKLPHKFDTLVGERGAQLSGGQKQRIAIARALVRNPKILLLDEATSALDTESEAVVQVALDKARKGRTTIVIAHRLSTVRNADVIAGFDDGVIVEKGNHDELMKEKGIYFKLVTMQTAGNEVELENAADESKSEIDALEMSSNDSRSSLIRKRSTRRSVRGSQAQDRKLSTKEALDESIPPVSFWRIMKLNLTEWPYFVVGVFCAIINGGLQPAFAIIFSKIIGVFTRIDDPETKRQNSNLFSLLFLALGIISFITFFLQGFTFGKAGEILTKRLRYMVFRSMLRQDVSWFDDPKNTTGALTTRLANDAAQVKGAIGSRLAVITQNIANLGTGIIISFIYGWQLTLLLLAIVPIIAIAGVVEMKMLSGQALKDKKELEGSGKIATEAIENFRTVVSLTQEQKFEHMYAQSLQVPYRNSLRKAHIFGITFSFTQAMMYFSYAGCFRFGAYLVAHKLMSFEDVLLVFSAVVFGAMAVGQVSSFAPDYAKAKISAAHIIMIIEKTPLIDSYSTEGLMPNTLEGNVTFGEVVFNYPTRPDIPVLQGLSLEVKKGQTLALVGSSGCGKSTVVQLLERFYDPLAGKVLLDGKEIKRLNVQWLRAHLGIVSQEPILFDCSIAENIAYGDNSRVVSQEEIVRAAKEANIHAFIESLPNKYSTKVGDKGTQLSGGQKQRIAIARALVRQPHILLLDEATSALDTESEKVVQEALDKAREGRTCIVIAHRLSTIQNADLIVVFQNGRVKEHGTHQQLLAQKGIYFSMVSVQAGTKRQ
K9N7C7_Pap,APVKKVAFGGDQVHEVAAVRSVTVEYNIHAVLDTLLASSSLRTFVVDKSLSIEEFADVVKEQVSDLLVKLLRGMPIPDFDLDDFIDAPCYCFNAEGDASWSSTMIFSLHPVECDEECSEVEASDLEEGESECISETSTEQVDVSHEISDDEWAAAVDEAFPLDEAEDVTESVQEEAQPVEVPVEDIAQVVIADTLQETPVVSDTVEVPPQVVKLPSEPQTIQPEVKEVAPVYEADTEQTQSVTVKPKRLRKKRNVDPLSNFEHKVITECVTIVLGDAIQVAKCYGESVLVNAANTHLKHGGGIAGAINAASKGAVQKESDEYILAKGPLQVGDSVLLQGHSLAKNILHVVGPDARAKQDVSLLSKCYKAMNAYPLVVTPLVSAGIFGVKPAVSFDYLIREAKTRVLVVVNSQDVYKSLTIVDIPQSLTFSYDGLRGAIRKAKDYGFTVFVCTDNSANTKVLRNKGVDYTKKFLTVDGVQYYCYTSKDTLDDILQQANKSVGIISMPLGYVSHGLDLIQAGSVVRRVNVPYVCLLANKEQEAILMSEDVKLNPSEDFIKHVRTNGGYNSWHLVEGELLVQDLRLNKLLHWSDQTICYKDSVFYVVKNSTAFPFETLSACRAYLDSRTTQQLTIEVLVTVDGVNFRTVVLNNKNTYRSQLGCVFFNGADISDTIPDEKQNGHSLYLADNLTADETKALKELYGPVDPTFLHRFYSLKAAVHKWKMVVCDKVRSLKLSDNNCYLNAVIMTLDLLKDIKFVIPALQHAFMKHKGGDSTDFIALIMAYGNCTFGAPDDASRLLHTVLAKAELCCSARMVWREWCNVCGIKDVVLQGLKACCYVGVQTVEDLRARMTYVCQCGGERHRQIVEHTTPWLLLSGTPNEKLVTTSTAPDFVAFNVFQGIETAVGHYVHARLKGGLILKFDSGTVSKTSDWKCKVTDVLFPGQKYSSDCNVVRYSLDGNFRTEVDPDLSAFYVKDGKYFTSEPPVTYSPATILAGSVYTNSCLVSSDGQPGGDAISLSFNNLLGFDSSKPVTKKYTYSFLPKEDGDVLLAEFDTYDPIYKNGAMYKGKPILWVNKASYDTNLNKFNRASLRQIFDVAPIELENKFTPLSVESTPVEPPTVDVVALQQEMTIVKCKGLNKPFVKDNVSFVADDSGTPVVEYLSKEDLHTLYVDPKYQVIVLKDNVLSSMLRLHTVESGDINVVAASGSLTRKVKLLFRASFYFKEFATRTFTATTAVGSCIKSVVRHLGVTKGILTGCFSFVKMLFMLPLAYFSDSKLGTTEVKVSALKTAGVVTGNVVKQCCTAAVDLSMDKLRRVDWKSTLRLLLMLCTTMVLLSSVYHLYVFNQVLSSDVMFEDAQGLKKFYKEVRAYLGISSACDGLASAYRANSFDVPTFCANRSAMCNWCLISQDSITHYPALKMVQTHLSHYVLNIDWLWFAFETGLAYMLYTSAFNWLLLAGTLHYFFAQTSIFVDWRSYNYAVSSAFWLFTHIPMAGLVRMYNLLACLWLLRKFYQHVINGCKDTACLLCYKRNRLTRVEASTVVCGGKRTFYITANGGISFCRRHNWNCVDCDTAGVGNTFICEEVANDLTTALRRPINATDRSHYYVDSVTVKETVVQFNYRRDGQPFYERFPLCAFTNLDKLKFKEVCKTTTGIPEYNFIIYDSSDRGQESLARSACVYYSQVLCKSILLVDSSLVTSVGDSSEIATKMFDSFVNSFVSLYNVTRDKLEKLISTARDGVRRGDNFHSVLTTFIDAARGPAGVESDVETNEIVDSVQYAHKHDIQITNESYNNYVPSYVKPDSVSTSDLGSLIDCNAASVNQIVLRNSNGACIWNAAAYMKLSDALKRQIRIACRKCNLAFRLTTSKLRANDNILSVRFTANKIVGG
P0C6X1_Pap,GKVSFSDDVEVKDIEPVYRVKLCFEFEDEKLVDVCEKAIGKKIKHEGDWDSFCKTIQSALSVVSCYVNLPTYYIYDEEGGNDLSLPVMISEWPLSVQQAQQEATLPDIAEDVVDQVEEVNSIFDIETVDVKHDVSPFEMPFEELNGLKILKQLDNNCWVNSVMLQIQLTGILDGDYAMQFFKMGRVAKMIERCYTAEQCIRGAMGDVGLCMYRLLKDLHTGFMVMDYKCSCTSGRLEESGAVLFCTPTKKAFPYGTCLNCNAPRMCTIRQLQGTIIFVQQKPEPVNPVSFVVKPVCSSIFRGAVSCGHYQTNIYSQNLCVDGFGVNKIQPWTNDALNTICIKDADYNAKVEISVTPIKNTVDTTPKEEFVVKEKLNAFLVHDNVAFYQGDVDTVVNGVDFDFIVNAANENLAHGGGLAKALDVYTKGKLQRLSKEHIGLAGKVKVGTGVMVECDSLRIFNVVGPRKGKHERDLLIKAYNTINNEQGTPLTPILSCGIFGIKLETSLEVLLDVCNTKEVKVFVYTDTEVCKVKDFVSGLVNVQKVEQPKIEPKPVSVIKVAPKPYRVDGKFSYFTEDLLCVADDKPIVLFTDSMLTLDDRGLALDNALSGVLSAAIKDCVDINKAIPSGNLIKFDIGSVVVYMCVVPSEKDKHLDNNVQRCTRKLNRLMCDIVCTIPADYILPLVLSSLTCNVSFVGELKAAEAKVITIKVTEDGVNVHDVTVTTDKSFEQQVGVIADKDKDLSGAVPSDLNTSELLTKAIDVDWVEFYGFKDAVTFATVDHSAFAYESAVVNGIRVLKTSDNNCWVNAVCIALQYSKPHFISQGLDAAWNKFVLGDVEIFVAFVYYVARLMKGDKGDAEDTLTKLSKYLANEAQVQLEHYSSCVECDAKFKNSVASINSAIVCASVKRDGVQVGYCVHGIKYYSRVRSVRGRAIIVSVEQLEPCAQSRLLSGVAYTAFSGPVDKGHYTVYDTAKKSMYDGDRFVKHDLSLLSVTSVVMVGGYVAPVNTVKPKPVINQLDEKAQKFFDFGDFLIHNFVIFFTWLLSMFTLCKTAVTTGDVKIMAKAPQRTGVVLKRSLKYNLKASAAVLKSKWWLLAKFTKLLLLIYTLYSVVLLCVRFGPFNFCSETVNGYAKSNFVKDDYCDGSLGCKMCLFGYQELSQFSHLDVVWKHITDPLFSNMQPFIVMVLLLIFGDNYLRCFLLYFVAQMISTVGVFLGYKETNWFLHFIPFDVICDELLVTVIVIKVISFVRHVLFGCENPDCIACSKSARLKRFPVNTIVNGVQRSFYVNANGGSKFCKKHRFFCVDCDSYGYGSTFITPEVSRELGNITKTNVQPTGPAYVMIDKVEFENGFYRLYSCETFWRYNFDITESKYSCKEVFKNCNVLDDFIVFNNNGTNVTQVKNASVYFSQLLCRPIKLVDSELLSTLSVDFNGVLHKAYIDVLRNSFGKDLNANMSLAECKRALGLSISDHEFTSAISNAHRCDVLLSDLSFNNFVSSYAKPEEKLSAYDLACCMRAGAKVVNANVLTKDQTPIVWHAKDFNSLSAEGRKYIVKTSKAKGLTFLLTINENQAVTQIPATSIVAKQGA
P0DTD1_RdRp,SADAQSFLNRVCGVSAARLTPCGTGTSTDVVYRAFDIYNDKVAGFAKFLKTNCCRFQEKDEDDNLIDSYFVVKRHTFSNYQHEETIYNLLKDCPAVAKHDFFKFRIDGDMVPHISRQRLTKYTMADLVYALRHFDEGNCDTLKEILVTYNCCDDDYFNKKDWYDFVENPDILRVYANLGERVRQALLKTVQFCDAMRNAGIVGVLTLDNQDLNGNWYDFGDFIQTTPGSGVPVVDSYYSLLMPILTLTRALTAESHVDTDLTKPYIKWDLLKYDFTEERLKLFDRYFKYWDQTYHPNCVNCLDDRCILHCANFNVLFSTVFPPTSFGPLVRKIFVDGVPFVVSTGYHFRELGVVHNQDVNLHSSRLSFKELLVYAADPAMHAASGNLLLDKRTTCFSVAALTNNVAFQTVKPGNFNKDFYDFAVSKGFFKEGSSVELKHFFFAQDGNAAISDYDYYRYNLPTMCDIRQLLFVVEVVDKYFDCYDGGCINANQVIVNNLDKSAGFPFNKWGKARLYYDSMSYEDQDALFAYTKRNVIPTITQMNLKYAISAKNRARTVAGVSICSTMTNRQFHQKLLKSIAATRGATVVIGTSKFYGGWHNMLKTVYSDVENPHLMGWDYPKCDRAMPNMLRIMASLVLARKHTTCCSLSHRFYRLANECAQVLSEMVMCGGSLYVKPGGTSSGDATTAYANSVFNICQAVTANVNALLSTDGNKIADKYVRNLQHRLYECLYRNRDVDTDFVNEFYAYLRKHFSMMILSDDAVVCFNSTYASQGLVASIKNFKSVLYYQNNVFMSEAKCWTETDLTKGPHEFCSQHTMLVKQGDDYVYLPYPDPSRILGAGCFVDDIVKTDGTLMIERFVSLAIDAYPLTKHPNQEYADVFHLYLQYIRKLHDELTGHMLDMYSVMLTNDNTSRYWEPEFYEAMYTPHTVLQ
P0C6X7_3C,SGFRKMAFPSGKVEGCMVQVTCGTTTLNGLWLDDTVYCPRHVICTAEDMLNPNYEDLLIRKSNHSFLVQAGNVQLRVIGHSMQNCLLRLKVDTSNPKTPKYKFVRIQPGQTFSVLACYNGSPSGVYQCAMRPNHTIKGSFLNGSCGSVGFNIDYDCVSFCYMHHMELPTGVHAGTDLEGKFYGPFVDRQTAQAAGTDTTITLNVLAWLYAAVINGDRWFLNRFTTTLNDFNLVAMKYNYEPLTQDHVDILGPLSAQTGIAVLDMCAALKELLQNGMNGRTILGSTILEDEFTPFDVVRQCSGVTFQ
P0DTD1_3C,SGFRKMAFPSGKVEGCMVQVTCGTTTLNGLWLDDVVYCPRHVICTSEDMLNPNYEDLLIRKSNHNFLVQAGNVQLRVIGHSMQNCVLKLKVDTANPKTPKYKFVRIQPGQTFSVLACYNGSPSGVYQCAMRPNFTIKGSFLNGSCGSVGFNIDYDCVSFCYMHHMELPTGVHAGTDLEGNFYGPFVDRQTAQAAGTDTTITVNVLAWLYAAVINGDRWFLNRFTTTLNDFNLVAMKYNYEPLTQDHVDILGPLSAQTGIAVLDMCASLKELLQNGMNGRTILGSALLEDEFTPFDVVRQCSGVTFQ
P20276,MGRRIQGQRRGRGTSTFRAPSHRYKADLEHRKVEDGDVIAGTVVDIEHDPARSAPVAAVEFEDGDRRLILAPEGVGVGDELQVGVSAEIAPGNTLPLAEIPEGVPVCNVESSPGDGGKFARASGVNAQLLTHDRNVAVVKLPSGEMKRLDPQCRATIGVVAGGGRTDKPFVKAGNKHHKMKARGTKWPNVRGVAMNAVDHPFGGGGRQHPGKPKSISRNAPPGRKVGDIASKRTGRGGNE
K9N7C7_Hel,AVGSCVVCHSQTSLRCGTCIRRPFLCCKCCYDHVIATPHKMVLSVSPYVCNAPGCGVSDVTKLYLGGMSYFCVDHRPVCSFPLCANGLVFGLYKNMCTGSPSIVEFNRLATCDWTESGDYTLANTTTEPLKLFAAETLRATEEASKQSYAIATIKEIVGERQLLLVWEAGKSKPPLNRNYVFTGYHITKNSKVQLGEYIFERIDYSDAVSYKSSTTYKLTVGDIFVLTSHSVATLTAPTIVNQERYVKITGLYPTITVPEEFASHVANFQKSGYSKYVTVQGPPGTGKSHFAIGLAIYYPTARVVYTACSHAAVDALCEKAFKYLNIAKCSRIIPAKARVECYDRFKVNETNSQYLFSTINALPETSADILVVDEVSMCTNYDLSIINARIKAKHIVYVGDPAQLPAPRTLLTRGTLEPENFNSVTRLMCNLGPDIFLSMCYRCPKEIVSTVSALVYNNKLLAKKELSGQCFKILYKGNVTHDASSAINRPQLTFVKNFITANPAWSKAVFISPYNSQNAVARSMLGLTTQTVDSSQGSEYQYVIFCQTADTAHANNINRFNVAITRAQKGILCVMTSQALFESLEFTELSFTNYKLQ
P0C6X1_3C,AGLRKMAQPSGFVEKCVVRVCYGNTVLNGLWLGDIVYCPRHVIASNTTSAIDYDHEYSIMRLHNFSIISGTAFLGVVGATMHGVTLKIKVSQTNMHTPRHSFRTLKSGEGFNILACYDGCAQGVFGVNMRTNWTIRGSFINGACGSPGYNLKNGEVEFVYMHQIELGSGSHVGSSFDGVMYGGFEDQPNLQVESANQMLTVNVVAFLYAAILNGCTWWLKGEKLFVEHYNEWAQANGFTAMNGEDAFSILAAKTGVCVERLLHAIQVLNNGFGGKQILGYSSLNDEFSINEVVKQMFGVNLQ
K9N7C_3C,SGLRKMAQPSGVVEPCIVRVAYGNNVLNGLWLGDEVICPRHVIASDTSRVINYENELSSVRLHNFSIAKNNAFLGVVSAKYKGVNLVLKVNQVNPNTPEHKFKSVRPGESFNILACYEGCPGSVYGVNMRSQGTIKGSFIAGTCGSVGYVLENGTLYFVYMHHLELGNGSHVGSNLEGEMYGGYEDQPSMQLEGTNVMSSDNVVAFLYAALINGERWFVTNTSMTLESYNAWAKTNSFTEIVSTDAFNMLAAKTGYSVEKLLECIVRLNKGFGGRTILSYGSLCDEFTPTEVIRQMYGVNLQ
O15393,MALNSGSPPAIGPYYENHGYQPENPYPAQPTVVPTVYEVHPAQYYPSPVPQYAPRVLTQASNPVVCTQPKSPSGTVCTSKTKKALCITLTLGTFLVGAALAAGLLWKFMGSKCSNSGIECDSSGTCINPSNWCDGVSHCPGGEDENRCVRLYGPNFILQVYSSQRKSWHPVCQDDWNENYGRAACRDMGYKNNFYSSQGIVDDSGSTSFMKLNTSAGNVDIYKKLYHSDACSSKAVVSLRCIACGVNLNSSRQSRIVGGESALPGAWPWQVSLHVQNVHVCGGSIITPEWIVTAAHCVEKPLNNPWHWTAFAGILRQSFMFYGAGYQVEKVISHPNYDSKTKNNDIALMKLQKPLTFNDLVKPVCLPNPGMMLQPEQLCWISGWGATEEKGKTSEVLNAAKVLLIETQRCNSRYVYDNLITPAMICAGFLQGNVDSCQGDSGGPLVTSKNNIWWLIGDTSWGSGCAKAYRPGVYGNVMVFTDWIYRQMRADG
P00519,MLEICLKLVGCKSKKGLSSSSSCYLEEALQRPVASDFEPQGLSEAARWNSKENLLAGPSENDPNLFVALYDFVASGDNTLSITKGEKLRVLGYNHNGEWCEAQTKNGQGWVPSNYITPVNSLEKHSWYHGPVSRNAAEYLLSSGINGSFLVRESESSPGQRSISLRYEGRVYHYRINTASDGKLYVSSESRFNTLAELVHHHSTVADGLITTLHYPAPKRNKPTVYGVSPNYDKWEMERTDITMKHKLGGGQYGEVYEGVWKKYSLTVAVKTLKEDTMEVEEFLKEAAVMKEIKHPNLVQLLGVCTREPPFYIITEFMTYGNLLDYLRECNRQEVNAVVLLYMATQISSAMEYLEKKNFIHRDLAARNCLVGENHLVKVADFGLSRLMTGDTYTAHAGAKFPIKWTAPESLAYNKFSIKSDVWAFGVLLWEIATYGMSPYPGIDLSQVYELLEKDYRMERPEGCPEKVYELMRACWQWNPSDRPSFAEIHQAFETMFQESSISDEVEKELGKQGVRGAVSTLLQAPELPTKTRTSRRAAEHRDTTDVPEMPHSKGQGESDPLDHEPAVSPLLPRKERGPPEGGLNEDERLLPKDKKTNLFSALIKKKKKTAPTPPKRSSSFREMDGQPERRGAGEEEGRDISNGALAFTPLDTADPAKSPKPSNGAGVPNGALRESGGSGFRSPHLWKKSSTLTSSRLATGEEEGGGSSSKRFLRSCSASCVPHGAKDTEWRSVTLPRDLQSTGRQFDSSTFGGHKSEKPALPRKRAGENRSDQVTRGTVTPPPRLVKKNEEAADEVFKDIMESSPGSSPPNLTPKPLRRQVTVAPASGLPHKEEAGKGSALGTPAAAEPVTPTSKAGSGAPGGTSKGPAEESRVRRHKHSSESPGRDKGKLSRLKPAPPPPPAASAGKAGGKPSQSPSQEAAGEAVLGAKTKATSLVDAVNSDAAKPSQPGEGLKKPVLPATPKPQSAKPSGTPISPAPVPSTLPSASSALAGDQPSSTAFIPLISTRVSLRKTRQPPERIASGAITKGVVLDSTEALCLAISRNSEQMASHSAVLEAGKNLYTFCVSYVDSIQQMRNKFAFREAINKLENNLRELQICPATAGSGPAATQDFSKLLSSVKEISDIVQR
Q9BYF1,MSSSSWLLLSLVAVTAAQSTIEEQAKTFLDKFNHEAEDLFYQSSLASWNYNTNITEENVQNMNNAGDKWSAFLKEQSTLAQMYPLQEIQNLTVKLQLQALQQNGSSVLSEDKSKRLNTILNTMSTIYSTGKVCNPDNPQECLLLEPGLNEIMANSLDYNERLWAWESWRSEVGKQLRPLYEEYVVLKNEMARANHYEDYGDYWRGDYEVNGVDGYDYSRGQLIEDVEHTFEEIKPLYEHLHAYVRAKLMNAYPSYISPIGCLPAHLLGDMWGRFWTNLYSLTVPFGQKPNIDVTDAMVDQAWDAQRIFKEAEKFFVSVGLPNMTQGFWENSMLTDPGNVQKAVCHPTAWDLGKGDFRILMCTKVTMDDFLTAHHEMGHIQYDMAYAAQPFLLRNGANEGFHEAVGEIMSLSAATPKHLKSIGLLSPDFQEDNETEINFLLKQALTIVGTLPFTYMLEKWRWMVFKGEIPKDQWMKKWWEMKREIVGVVEPVPHDETYCDPASLFHVSNDYSFIRYYTRTLYQFQFQEALCQAAKHEGPLHKCDISNSTEAGQKLFNMLRLGKSEPWTLALENVVGAKNMNVRPLLNYFEPLFTWLKDQNKNSFVGWSTDWSPYADQSIKVRISLKSALGDKAYEWNDNEMYLFRSSVAYAMRQYFLKVKNQMILFGEEDVRVANLKPRISFNFFVTAPKNVSDIIPRTEVEKAIRMSRSRINDAFRLNDNSLEFLGIQPTLGPPNQPPVSIWLIVFGVVMGVIVVGIVILIFTGIRDRKKKNKARSGENPYASIDISKGENNPGFQNTDDVQTSF
Q9Y2I7,MATDDKTSPTLDSANDLPRSPTSPSHLTHFKPLTPDQDEPPFKSAYSSFVNLFRFNKERAEGGQGEQQPLSGSWTSPQLPSRTQSVRSPTPYKKQLNEELQRRSSALDTRRKAEPTFGGHDPRTAVQLRSLSTVLKRLKEIMEGKSQDSDLKQYWMPDSQCKECYDCSEKFTTFRRRHHCRLCGQIFCSRCCNQEIPGKFMGYTGDLRACTYCRKIALSYAHSTDSNSIGEDLNALSDSACSVSVLDPSEPRTPVGSRKASRNIFLEDDLAWQSLIHPDSSNTPLSTRLVSVQEDAGKSPARNRSASITNLSLDRSGSPMVPSYETSVSPQANRTYVRTETTEDERKILLDSVQLKDLWKKICHHSSGMEFQDHRYWLRTHPNCIVGKELVNWLIRNGHIATRAQAIAIGQAMVDGRWLDCVSHHDQLFRDEYALYRPLQSTEFSETPSPDSDSVNSVEGHSEPSWFKDIKFDDSDTEQIAEEGDDNLANSASPSKRTSVSSFQSTVDSDSAASISLNVELDNVNFHIKKPSKYPHVPPHPADQKEYLISDTGGQQLSISDAFIKESLFNRRVEEKSKELPFTPLGWHHNNLELLREENGEKQAMERLLSANHNHMMALLQQLLHSDSLSSSWRDIIVSLVCQVVQTVRPDVKNQDDDMDIRQFVHIKKIPGGKKFDSVVVNGFVCTKNIAHKKMSSCIKNPKILLLKCSIEYLYREETKFTCIDPIVLQEREFLKNYVQRIVDVRPTLVLVEKTVSRIAQDMLLEHGITLVINVKSQVLERISRMTQGDLVMSMDQLLTKPHLGTCHKFYMQIFQLPNEQTKTLMFFEGCPQHLGCTIKLRGGSDYELARVKEILIFMICVAYHSQLEISFLMDEFAMPPTLMQNPSFHSLIEGRGHEGAVQEQYGGGSIPWDPDIPPESLPCDDSSLLELRIVFEKGEQENKNLPQAVASVKHQEHSTTACPAGLPCAFFAPVPESLLPLPVDDQQDALGSEQPETLQQTVVLQDPKSQIRAFRDPLQDDTGLYVTEEVTSSEDKRKTYSLAFKQELKDVILCISPVITFREPFLLTEKGMRCSTRDYFAEQVYWSPLLNKEFKEMENRRKKQLLRDLSGLQGMNGSIQAKSIQVLPSHELVSTRIAEHLGDSQSLGRMLADYRARGGRIQPKNSDPFAHSKDASSTSSGQSGSKNEGDEERGLILSDAVWSTKVDCLNPINHQRLCVLFSSSSAQSSNAPSACVSPWIVTMEFYGKNDLTLGIFLERYCFRPSYQCPSMFCDTPMVHHIRRFVHGQGCVQIILKELDSPVPGYQHTILTYSWCRICKQVTPVVALSNESWSMSFAKYLELRFYGHQYTRRANAEPCGHSIHHDYHQYFSYNQMVASFSYSPIRLLEVCVPLPKIFIKRQAPLKVSLLQDLKDFFQKVSQVYVAIDERLASLKTDTFSKTREEKMEDIFAQKEMEEGEFKNWIEKMQARLMSSSVDTPQQLQSVFESLIAKKQSLCEVLQAWNNRLQDLFQQEKGRKRPSVPPSPGRLRQGEESKISAMDASPRNISPGLQNGEKEDRFLTTLSSQSSTSSTHLQLPTPPEVMSEQSVGGPPELDTASSSEDVFDGHLLGSTDSQVKEKSTMKAIFANLLPGNSYNPIPFPFDPDKHYLMYEHERVPIAVCEKEPSSIIAFALSCKEYRNALEELSKATQWNSAEEGLPTNSTSDSRPKSSSPIRLPEMSGGQTNRTTETEPQPTKKASGMLSFFRGTAGKSPDLSSQKRETLRGADSAYYQVGQTGKEGTENQGVEPQDEVDGGDTQKKQLINPHVELQFSDANAKFYCRLYYAGEFHKMREVILDSSEEDFIRSLSHSSPWQARGGKSGAAFYATEDDRFILKQMPRLEVQSFLDFAPHYFNYITNAVQQKRPTALAKILGVYRIGYKNSQNNTEKKLDLLVMENLFYGRKMAQVFDLKGSLRNRNVKTDTGKESCDVVLLDENLLKMVRDNPLYIRSHSKAVLRTSIHSDSHFLSSHLIIDYSLLVGRDDTSNELVVGIIDYIRTFTWDKKLEMVVKSTGILGGQGKMPTVVSPELYRTRFCEAMDKYFLMVPDHWTGLGLNC
P0DTD1_Hel,AVGACVLCNSQTSLRCGACIRRPFLCCKCCYDHVISTSHKLVLSVNPYVCNAPGCDVTDVTQLYLGGMSYYCKSHKPPISFPLCANGQVFGLYKNTCVGSDNVTDFNAIATCDWTNAGDYILANTCTERLKLFAAETLKATEETFKLSYGIATVREVLSDRELHLSWEVGKPRPPLNRNYVFTGYRVTKNSKVQIGEYTFEKGDYGDAVVYRGTTTYKLNVGDYFVLTSHTVMPLSAPTLVPQEHYVRITGLYPTLNISDEFSSNVANYQKVGMQKYSTLQGPPGTGKSHFAIGLALYYPSARIVYTACSHAAVDALCEKALKYLPIDKCSRIIPARARVECFDKFKVNSTLEQYVFCTVNALPETTADIVVFDEISMATNYDLSVVNARLRAKHYVYIGDPAQLPAPRTLLTKGTLEPEYFNSVCRLMKTIGPDMFLGTCRRCPAEIVDTVSALVYDNKLKAHKDKSAQCFKMFYKGVITHDVSSAINRPQIGVVREFLTRNPAWRKAVFISPYNSQNAVASKILGLPTQTVDSSQGSEYDYVIFTQTTETAHSCNVNRFNVAITRAKVGILCIMSDRDLYDKLQFTSLEIPRRNVATLQ
P0C6X7_Pap,APIKGVTFGEDTVWEVQGYKNVRITFELDERVDKVLNEKCSVYTVESGTEVTEFACVVAEAVVKTLQPVSDLLTNMGIDLDEWSVATFYLFDDAGEENFSSRMYCSFYPPDEEEEDDAECEEEEIDETCEHEYGTEDDYQGLPLEFGASAETVRVEEEEEEDWLDDTTEQSEIEPEPEPTPEEPVNQFTGYLKLTDNVAIKCVDIVKEAQSANPMVIVNAANIHLKHGGGVAGALNKATNGAMQKESDDYIKLNGPLTVGGSCLLSGHNLAKKCLHVVGPNLNAGEDIQLLKAAYENFNSQDILLAPLLSAGIFGAKPLQSLQVCVQTVRTQVYIAVNDKALYEQVVMDYLDNLKPRVEAPKQEEPPNTEDSKTEEKSVVQKPVDVKPKIKACIDEVTTTLEETKFLTNKLLLFADINGKLYHDSQNMLRGEDMSFLEKDAPYMVGDVITSGDITCVVIPSKKAGGTTEMLSRALKKVPVDEYITTYPGQGCAGYTLEEAKTALKKCKSAFYVLPSEAPNAKEEILGTVSWNLREMLAHAEETRKLMPICMDVRAIMATIQRKYKGIKIQEGIVDYGVRFFFYTSKEPVASIITKLNSLNEPLVTMPIGYVTHGFNLEEAARCMRSLKAPAVVSVSSPDAVTTYNGYLTSSSKTSEEHFVETVSLAGSYRDWSYSGQRTELGVEFLKRGDKIVYHTLESPVEFHLDGEVLSLDKLKSLLSLREVKTIKVFTTVDNTNLHTQLVDMSMTYGQQFGPTYLDGADVTKIKPHVNHEGKTFFVLPSDDTLRSEAFEYYHTLDESFLGRYMSALNHTKKWKFPQVGGLTSIKWADNNCYLSSVLLALQQLEVKFNAPALQEAYYRARAGDAANFCALILAYSNKTVGELGDVRETMTHLLQHANLESAKRVLNVVCKHCGQKTTTLTGVEAVMYMGTLSYDNLKTGVSIPCVCGRDATQYLVQQESSFVMMSAPPAEYKLQQGTFLCANEYTGNYQCGHYTHITAKETLYRIDGAHLTKMSEYKGPVTDVFYKETSYTTTIKPVSYKLDGVTYTEIEPKLDGYYKKDNAYYTEQPIDLVPTQPLPNASFDNFKLTCSNTKFADDLNQMTGFTKPASRELSVTFFPDLNGDVVAIDYRHYSASFKKGAKLLHKPIVWHINQATTKTTFKPNTWCLRCLWSTKPVDTSNSFEVLAVEDTQGMDNLACESQQPTSEEVVENPTIQKEVIECDVKTTEVVGNVILKPSDEGVKVTQELGHEDLMAAYVENTSITIKKPNELSLALGLKTIATHGIAAINSVPWSKILAYVKPFLGQAAITTSNCAKRLAQRVFNNYMPYVFTLLFQLCTFTKSTNSRIRASLPTTIAKNSVKSVAKLCLDAGINYVKSPKFSKLFTIAMWLLLLSICLGSLICVTAAFGVLLSNFGAPSYCNGVRELYLNSSNVTTMDFCEGSFPCSICLSGLDSLDSYPALETIQVTISSYKLDLTILGLAAEWVLAYMLFTKFFYLLGLSAIMQVFFGYFASHFISNSWLMWFIISIVQMAPVSAMVRMYIFFASFYYIWKSYVHIMDGCTSSTCMMCYKRNRATRVECTTIVNGMKRSFYVYANGGRGFCKTHNWNCLNCDTFCTGSTFISDEVARDLSLQFKRPINPTDQSSYIVDSVAVKNGALHLYFDKAGQKTYERHPLSHFVNLDNLRANNTKGSLPINVIVFDGKSKCDESASKSASVYYSQLMCQPILLLDQALVSDVGDSTEVSVKMFDAYVDTFSATFSVPMEKLKALVATAHSELAKGVALDGVLSTFVSAARQGVVDTDVDTKDVIECLKLSHHSDLEVTGDSCNNFMLTYNKVENMTPRDLGACIDCNARHINAQVAKSHNVSLIWNVKDYMSLSEQLRKQIRSAAKKNNIPFRLTCATTRQVVNVITTKISLKGG
P07900,MPEETQTQDQPMEEEEVETFAFQAEIAQLMSLIINTFYSNKEIFLRELISNSSDALDKIRYESLTDPSKLDSGKELHINLIPNKQDRTLTIVDTGIGMTKADLINNLGTIAKSGTKAFMEALQAGADISMIGQFGVGFYSAYLVAEKVTVITKHNDDEQYAWESSAGGSFTVRTDTGEPMGRGTKVILHLKEDQTEYLEERRIKEIVKKHSQFIGYPITLFVEKERDKEVSDDEAEEKEDKEEEKEKEEKESEDKPEIEDVGSDEEEEKKDGDKKKKKKIKEKYIDQEELNKTKPIWTRNPDDITNEEYGEFYKSLTNDWEDHLAVKHFSVEGQLEFRALLFVPRRAPFDLFENRKKKNNIKLYVRRVFIMDNCEELIPEYLNFIRGVVDSEDLPLNISREMLQQSKILKVIRKNLVKKCLELFTELAEDKENYKKFYEQFSKNIKLGIHEDSQNRKKLSELLRYYTSASGDEMVSLKDYCTRMKENQKHIYYITGETKDQVANSAFVERLRKHGLEVIYMIEPIDEYCVQQLKEFEGKTLVSVTKEGLELPEDEEEKKKQEEKKTKFENLCKIMKDILEKKVEKVVVSNRLVTSPCCIVTSTYGWTANMERIMKAQALRDNSTMGYMAAKKHLEINPDHSIIETLRQKAEADKNDKSVKDLVILLYETALLSSGFSLEDPQTHANRIYRMIKLGLGIDEDDPTADDTSAAVTEEMPPLEGDDDTSRMEEVD
P50135,MASSMRSLFSDHGKYVESFRRFLNHSTEHQCMQEFMDKKLPGIIGRIGDTKSEIKILSIGGGAGEIDLQILSKVQAQYPGVCINNEVVEPSAEQIAKYKELVAKTSNLENVKFAWHKETSSEYQSRMLEKKELQKWDFIHMIQMLYYVKDIPATLKFFHSLLGTNAKMLIIVVSGSSGWDKLWKKYGSRFPQDDLCQYITSDDLTQMLDNLGLKYECYDLLSTMDISDCFIDGNENGDLLWDFLTETCNFNATAPPDLRAELGKDLQEPEFSAKKEGKVLFNNTLSFIVIEA
P21430,MSLLTEVETPIRNEWGCRCNDSSDPLVVAASIIGILHLILWILDHLFFKCIYRFFKHGLKRGPSTEGVPESMREEYRKEQQSAVDADDSHFVSIELE
P07711,MNPTLILAAFCLGIASATLTFDHSLEAQWTKWKAMHNRLYGMNEEGWRRAVWEKNMKMIELHNQEYREGKHSFTMAMNAFGDMTSEEFRQVMNGFQNRKPRKGKVFQEPLFYEAPRSVDWREKGYVTPVKNQGQCGSCWAFSATGALEGQMFRKTGRLISLSEQNLVDCSGPQGNEGCNGGLMDYAFQYVQDNGGLDSEESYPYEATEESCKYNPKYSVANDTGFVDIPKQEKALMKAVATVGPISVAIDAGHESFLFYKEGIYFEPDCSSEDMDHGVLVVGYGFESTESDNNKYWLVKNSWGEEWGMGGYVKMAKDRRNHCGIASAASYPTV
P26662_NS5A,SGSWLKDVWDWICTVLSDFKTWLQSKLLPRLPGLPFLSCQRGYKGVWRGDGIMQTTCPCGAQITGHVKNGSMRIVGPKTCSNTWHGTFPINAYTTGPCTPSPAPNYSRALWRVAAEEYVEVTRVGDFHYVTGMTTDNVKCPCQVPAPEFFTEVDGVRLHRYAPVCKPLLREEVVFQVGLNQYLVGSQLPCEPEPDVAVLTSMLTDPSHITAETAKRRLARGSPPSLASSSASQLSAPSLKATCTTHHDSPDADLIEANLLWRQEMGGNITRVESENKVVILDSFDPIRAVEDEREISVPAEILRKPRKFPPALPIWARPDYNPPLLESWKDPDYVPPVVHGCPLPSTKAPPIPPPRRKRTVVLTESTVSSALAELATKTFGSSGSSAVDSGTATGPPDQASDDGDKGSDVESYSSMPPLEGEPGDPDLSDGSWSTVSGEAGEDVVCC
P68104,MGKEKTHINIVVIGHVDSGKSTTTGHLIYKCGGIDKRTIEKFEKEAAEMGKGSFKYAWVLDKLKAERERGITIDISLWKFETSKYYVTIIDAPGHRDFIKNMITGTSQADCAVLIVAAGVGEFEAGISKNGQTREHALLAYTLGVKQLIVGVNKMDSTEPPYSQKRYEEIVKEVSTYIKKIGYNPDTVAFVPISGWNGDNMLEPSANMPWFKGWKVTRKDGNASGTTLLEALDCILPPTRPTDKPLRLPLQDVYKIGGIGTVPVGRVETGVLKPGMVVTFAPVNVTTEVKSVEMHHEALSEALPGDNVGFNVKNVSVKDVRRGNVAGDSKNDPPMEAAGFTAQVIILNHPGQISAGYAPVLDCHTAHIACKFAELKEKIDRRSGKKLEDGPKFLKSGDAAIVDMVPGKPMCVESFSDYPPLGRFAVRDMRQTVAVGVIKAVDKKAAGAGKVTKSAQKAQKAK
P26676,MAASSEILLPEVHLNSPIVKHKLIYYLLLGHFPHDLDISEISPLHNNDWDQIAREESNLAERLGVAKSELIKRVPAFRATRWRSHAAVLIWPSCIPFLVKFLPHSKLQPVEQWYKLINASCNTISDSIDRCMENISIKLTGKNNLFSRSRGTAGAGKNSKITLNDIQSIWESNKWQPNVSLWLTIKYQMRQLIMHQSSRQPTDLVHIVDTRSGLIVITPELVICFDRLNSVLMYFTFEMTLMVSDMFEGRMNVTALCTISHYLSPLGPRIDRLFSIVDELAQLLGDTVYKVIASLESLVYGCLQLKDPVVELAGSFHSFITQEIIDILIGSKALDKDESITVTTQLLDIFSNLSPDLIAEMLCLMRLWGHPTLTAAQVGKVRESMCAGKLLDFPTIMKTLAFFHTILINGYRRKKNGMWPPLILPKNASKSLIEFQHDNAEISYEYTLKHWKEISLIEFRKCFDFDPGEELSIFMKDKAISAPRSDWMSVFRRSLIKQRHQRHHIPMPNPFNRRLLLNFLEDDSFDPVAELRYVTGGEYLQDDTFCASYSLKEKEIKPDGRIFAKLTNRMRSCQVIAEAILANHAGTLMKENGVVLNQLSLTKSLLTMSQIGIISEKAKRYTRDNISSQGFHTIKTDSKNKRKSKTASSYLTDPDDTFELSACFITTDLAKYCLQWRYQTIIHFARTLNRMYGVPHLFEWIHLRLIRSTLYVGDPFNPPAATDAFDLDKVLNGDIFIVSKGGIEGLCQKMWTMISISVIILSSAESKTRVMSMVQGDNQAIAVTTRVPRSLPSIQKKELAYAASKLFFERLRANNYGLGHQLKAQETIISSTFFIYSKRVFYQGRILTQALKNASKLCLTADVLGECTQASCSNSATTIMRLTENGVEKDTCYKLNIYQSIRQLTYDLIFPQYSIPGETISEIFLQHPRLISRIVLLPSQLGGLNYLACSRLFNRNIGDPLGTAVADLKRLIKCGALESWILYNLLARKPGKGSWATLAADPYSLNQEYLYPPTTILKRHTQNTLMEICRNPMLKGVFTDNAKEEENLLAKFLLDRDIVLPRVAHIIIDQSSIGRKKQIQGFFDTTRTIMRRSFEIKPLSTKKTLSVIEYNTNYLSYNYPVILNPLPIPGYLNYITDQTCSIDISRSLRKLSWSSLLNGRTLEGLETPDPIEVVNGFLIVGTGDCDFCMQGDDKFTWFFLPMGIIIDGNPETNPPIRVPYIGSRTEERRVASMAYIKGATHSLKAALRGAGVYIWAFGDTVVNWNDALDIANTRVKISLEQLQTLTPLPTSANITHRLDDGATTLKFTPASSYAFSSYTHISNDQQYLEIDQRVVDSNIIYQQLMITGLGIIETYHNPPIRTSTQEITLHLHTSSSCCVRSVDGCLICESNGEVPQITVPYTNTFVYDPDPLADYEIAHLDYLSYQAKIGSTDYYSLTDKIDLLAHLTAKQMINSIIGLDETVSIVNDAVILSDYTNNWISECSYTKIDLVFKLMAWNFLLELAFQMYYLRISSWTNIFDYTYMTLRRIPGTALNNIAATISHPKLLRRAMNLDIITPIHAPYLASLDYVKLSIDAIQWGVKQVLADLSNGIDLEILILSEDSMEISDRAMNLIARKLTLLALVKGENYTFPKIKGMPPEEKCLVLTEYLAMCYQNTHHLDPDLQKYLYNLTNPKLTAFPSNNFYLTRKILNQIRESDEGQYIITSYYESFEQLETDIILHSTLTAPYDNSENSNKVRFIPFDIFPHPESLEKYPLPVDHDSQSAISTLIPGPPSHHVLRPLGVSSTAWYKGISYCRYLETQKIQTGDHLYLAEGSGASMSLLELLFPGDTVYYNSLFSSGENPPQRNYAPLPTQFVQSVPYKLWQADLADDSNLIKDFVPLWNGNGAVTDLSTKDAVAFIIHKVGAEKASLVHIDLESTANINQQTLSRSQIHSLIIATTVLKRGGILIYKTSWLPFSRFSQLAGLLWCFFDRIHLIRSSYSDPHSHEVYLVCRLAADFRTIGFSAALVTATTLHNDGFTTIHPDVVCSYWQHHLENVGRVGKVIDEILDGLATNFFAGDNGLILRCGGTPSSRKWLEIDQLASFDLVQDALVTLITIHLKEIIEVQSSHTEDYTSLLFTPYNIGAAGKVRTIIKLILERSLMYTVRNWLVLPSSIRDSVRQDLELGSFRLMSILSEQTFLKKTPTKKYLLDQLTRTYISTFFNSHSVLPLHRPYQKQIWKALGSVIYCSETVDIPLIKDIQIEDINDFEDIERGIDGEEL
Q02127,MAWRHLKKRAQDAVIILGGGGLLFASYLMATGDERFYAEHLMPTLQGLLDPESAHRLAVRFTSLGLLPRARFQDSDMLEVRVLGHKFRNPVGIAAGFDKHGEAVDGLYKMGFGFVEIGSVTPKPQEGNPRPRVFRLPEDQAVINRYGFNSHGLSVVEHRLRARQQKQAKLTEDGLPLGVNLGKNKTSVDAAEDYAEGVRVLGPLADYLVVNVSSPNTAGLRSLQGKAELRRLLTKVLQERDGLRRVHRPAVLVKIAPDLTSQDKEDIASVVKELGIDGLIVTNTTVSRPAGLQGALRSETGGLSGKPLRDLSTQTIREMYALTQGRVPIIGVGGVSSGQDALEKIRAGASLVQLYTALTFWGPPVVGKVKRELEALLKEQGFGGVTDAIGADHRR
P10033_spike,MIVLVTCLLLLCSYHTVLSTTNNECIQVNVTQLAGNENLIRDFLFSNFKEEGSVVVGGYYPTEVWYNCSRTARTTAFQYFNNIHAFYFVMEAMENSTGNARGKPLLFHVHGEPVSVIISAYRDDVQQRPLLKHGLVCITKNRHINYEQFTSNQWNSTCTGADRKIPFSVIPTDNGTKIYGLEWNDDFVTAYISGRSYHLNINTNWFNNVTLLYSRSSTATWEYSAAYAYQGVSNFTYYKLNNTNGLKTYELCEDYEHCTGYATNVFAPTSGGYIPDGFSFNNWFLLTNSSTFVSGRFVTNQPLLINCLWPVPSFGVAAQEFCFEGAQFSQCNGVSLNNTVDVIRFNLNFTADVQSGMGATVFSLNTTGGVILEISCYSDTVSESSSYSYGEIPFGITDGPRYCYVLYNGTALKYLGTLPPSVKEIAISKWGHFYINGYNFFSTFPIGCISFNLTTGVSGAFWTIAYTSYTEALVQVENTAIKNVTYCNSHINNIKCSQLTANLNNGFYPVASSEVGFVNKSVVLLPSFFTYTAVNITIDLGMKLSGYGQPIASTLSNITLPMQDNNTDVYCIRSNQFSVYVHSTCKSSLWDNIFNQDCTDVLEATAVIKTGTCPFSFDKLNNYLTFNKFCLSLSPVGANCKFDVAARTRTNEQVVRSLYVIYEEGDNIVGVPSDNSGLHDLSVLHLDSCTDYNIYGRTGVGIIRRTNSTLLSGLYYTSLSGDLLGFKNVSDGVIYSVTPCDVSAQAAVIDGAIVGAMTSINSELLGLTHWTTTPNFYYYSIYNYTSERTRGTAIDSNDVDCEPVITYSNIGVCKNGALVFINVTHSDGDVQPISTGNVTIPTNFTISVQVEYMQVYTTPVSIDCARYVCNGNPRCNKLLTQYVSACQTIEQALAMGARLENMEVDSMLFVSENALKLASVEAFNSTENLDPIYKEWPSIGGSWLGGLKDILPSHNSKRKYGSAIEDLLFDKVVTSGLGTVDEDYKRCTGGYDIADLVCAQYYNGIMVLPGVANADKMTMYTASLAGGITLGALGGGAVAIPFAVAVQARLNYVALQTDVLNKNQQILANAFNQAIGNITQAFGKVNDAIHQTSQGLATVAKALAKVQDVVNTQGQALSHLTVQLQNNFQAISSSISDIYNRLDELSADAQVDRLITGRLTALNAFVSQTLTRQAEVRASRQLAKDKVNECVRSQSQRFGFCGNGTHLFSLANAAPNGMIFFHTVLLPTAYETVTAWSGICASDGDRTFGLVVKDVQLTLFRNLDDKFYLTPRTMYQPRVATSSDFVQIEGCDVLFVNATVIDLPSIIPDYIDINQTVQDILENYRPNWTVPEFTLDIFNATYLNLTGEIDDLEFRSEKLHNTTVELAILIDNINNTLVNLEWLNRIETYVKWPWYVWLLIGLVVVFCIPLLLFCCFSTGCCGCIGCLGSCCHSICSRRQFENYEPIEKVHVH
P26662_NS5B,SMSYTWTGALITPCAAEESKLPINPLSNSLLRHHSMVYSTTSRSASLRQKKVTFDRLQVLDDHYRDVLKEMKAKASTVKARLLSIEEACKLTPPHSAKSKFGYGAKDVRSLSSRAVNHIRSVWEDLLEDTETPIDTTIMAKNEVFCVQPEKGGRKPARLIVFPDLGVRVCEKMALYDVVSTLPQAVMGPSYGFQYSPGQRVEFLVNTWKSKKCPMGFSYDTRCFDSTVTENDIRTEESIYQCCDLAPEARQAIRSLTERLYVGGPLTNSKGQNCGYRRCRASGVLTTSCGNTLTCYLKATAACRAAKLQDCTMLVNGDDLVVICESAGTQEDAAALRAFTEAMTRYSAPPGDPPQPEYDLELITSCSSNVSVAHDASGKRVYYLTRDPTTPLARAAWETVRHTPVNSWLGNIIMYAPTLWARMILMTHFFSILLAQEQLEKALDCQIYGACYSIEPLDLPQIIERLHGLSAFSLHSYSPGEINRVASCLRKLGVPPLRVWRHRARSVRAKLLSQGGRAATCGKYLFNWAVKTKLKLTPIPAASQLDLSGWFVAGYNGGDIYHSLSRARPRWFMLCLLLLSVGVGIYLLPNR
P62937,MVNPTVFFDIAVDGEPLGRVSFELFADKVPKTAENFRALSTGEKGFGYKGSCFHRIIPGFMCQGGDFTRHNGTGGKSIYGEKFEDENFILKHTGPGILSMANAGPNTNGSQFFICTAKTEWLDGKHVVFGKVKEGMNIVEAMERFGSRNGKTSKKITIADCGQLE
P60842,MSASQDSRSRDNGPDGMEPEGVIESNWNEIVDSFDDMNLSESLLRGIYAYGFEKPSAIQQRAILPCIKGYDVIAQAQSGTGKTATFAISILQQIELDLKATQALVLAPTRELAQQIQKVVMALGDYMGASCHACIGGTNVRAEVQKLQMEAPHIIVGTPGRVFDMLNRRYLSPKYIKMFVLDEADEMLSRGFKDQIYDIFQKLNSNTQVVLLSATMPSDVLEVTKKFMRDPIRILVKKEELTLEGIRQFYINVEREEWKLDTLCDLYETLTITQAVIFINTRRKVDWLTEKMHARDFTVSAMHGDMDQKERDVIMREFRSGSSRVLITTDLLARGIDVQQVSLVINYDLPTNRENYIHRIGRGGRFGRKGVAINMVTEEDKRTLRDIETFYNTSIEEMPLNVADLI
P0C6X7_Hel,AVGACVLCNSQTSLRCGACIRRPFLCCKCCYDHVISTSHKLVLSVNPYVCNAPGCDVTDVTQLYLGGMSYYCKSHKPPISFPLCANGQVFGLYKNTCVGSDNVTDFNAIATCDWTNAGDYILANTCTERLKLFAAETLKATEETFKLSYGIATVREVLSDRELHLSWEVGKPRPPLNRNYVFTGYRVTKNSKVQIGEYTFEKGDYGDAVVYRGTTTYKLNVGDYFVLTSHTVMPLSAPTLVPQEHYVRITGLYPTLNISDEFSSNVANYQKVGMQKYSTLQGPPGTGKSHFAIGLALYYPSARIVYTACSHAAVDALCEKALKYLPIDKCSRIIPARARVECFDKFKVNSTLEQYVFCTVNALPETTADIVVFDEISMATNYDLSVVNARLRAKHYVYIGDPAQLPAPRTLLTKGTLEPEYFNSVCRLMKTIGPDMFLGTCRRCPAEIVDTVSALVYDNKLKAHKDKSAQCFKMFYKGVITHDVSSAINRPQIGVVREFLTRNPAWRKAVFISPYNSQNAVASKILGLPTQTVDSSQGSEYDYVIFTQTTETAHSCNVNRFNVAITRAKIGILCIMSDRDLYDKLQFTSLEIPRRNVATLQ
P35367,MSLPNSSCLLEDKMCEGNKTTMASPQLMPLVVVLSTICLVTVGLNLLVLYAVRSERKLHTVGNLYIVSLSVADLIVGAVVMPMNILYLLMSKWSLGRPLCLFWLSMDYVASTASIFSVFILCIDRYRSVQQPLRYLKYRTKTRASATILGAWFLSFLWVIPILGWNHFMQQTSVRREDKCETDFYDVTWFKVMTAIINFYLPTLLMLWFYAKIYKAVRQHCQHRELINRSLPSFSEIKLRPENPKGDAKKPGKESPWEVLKRKPKDAGGGSVLKSPSQTPKEMKSPVVFSQEDDREVDKLYCFPLDIVHMQAAAEGSSRDYVAVNRSHGQLKTDEQGLNTHGASEISEDQMLGDSQSFSRTDSDTTTETAPGKGKLRSGSNTGLDYIKFTWKRLRSHSRQYVSGLHMNRERKAAKQLGFIMAAFILCWIPYFIFFMVIAFCKNCCNEHLHMFTIWLGYINSTLNPLIYPLCNENFKKTFKRILHIRS
P0C6X4_3C,SGIVKMVSPTSKIEPCLVSVTYGSMTLNGLWLDDKVYCPRHVICLSSNMNEPDYSALLCRVTLGDFTIMSGRMSLTVVSYQMQGCQLVLTVSLQNPYTPKYTFGVVKPGETFTVLAAYNGRPQGAFHVTMRSSYTIKGSFLCGSCGSVGYVLTGDSVKFVYMHQLELSTGCHTGTDFNGNFYGPYRDAQVVQLPVKDYVQTVNVIAWLYAAILNNCAWFVQNDVCSIEDFNVWAMTNGFSQVKADLVLDALASMTGVSIETLLAAIKRLYMGFQGRQILGSCTFEDELAPSDVYQQLAGVKLQ
P14416,MDPLNLSWYDDDLERQNWSRPFNGSDGKADRPHYNYYATLLTLLIAVIVFGNVLVCMAVSREKALQTTTNYLIVSLAVADLLVATLVMPWVVYLEVVGEWKFSRIHCDIFVTLDVMMCTASILNLCAISIDRYTAVAMPMLYNTRYSSKRRVTVMISIVWVLSFTISCPLLFGLNNADQNECIIANPAFVVYSSIVSFYVPFIVTLLVYIKIYIVLRRRRKRVNTKRSSRAFRAHLRAPLKGNCTHPEDMKLCTVIMKSNGSFPVNRRRVEAARRAQELEMEMLSSTSPPERTRYSPIPPSHHQLTLPDPSHHGLHSTPDSPAKPEKNGHAKDHPKIAKIFEIQTMPNGKTRTSLKTMSRRKLSQQKEKKATQMLAIVLGVFIICWLPFFITHILNIHCDCNIPPVLYSAFTWLGYVNSAVNPIIYTTFNIEFRKAFLKILHC
Q05940,MALSELALVRWLQESRRSRKLILFIVFLALLLDNMLLTVVVPIIPSYLYSIKHEKNATEIQTARPVHTASISDSFQSIFSYYDNSTMVTGNATRDLTLHQTATQHMVTNASAVPSDCPSEDKDLLNENVQVGLLFASKATVQLITNPFIGLLTNRIGYPIPIFAGFCIMFVSTIMFAFSSSYAFLLIARSLQGIGSSCSSVAGMGMLASVYTDDEERGNVMGIALGGLAMGVLVGPPFGSVLYEFVGKTAPFLVLAALVLLDGAIQLFVLQPSRVQPESQKGTPLTTLLKDPYILIAAGSICFANMGIAMLEPALPIWMMETMCSRKWQLGVAFLPASISYLIGTNIFGILAHKMGRWLCALLGMIIVGVSILCIPFAKNIYGLIAPNFGVGFAIGMVDSSMMPIMGYLVDLRHVSVYGSVYAIADVAFCMGYAIGPSAGGAIAKAIGFPWLMTIIGIIDILFAPLCFFLRSPPAKEEKMAILMDHNCPIKTKMYTQNNIQSYPIGEDEESESD
P0C6X6_3C,SGIVKMVNPTSKVEPCVVSVTYGNMTLNGLWLDDKVYCPRHVICSASDMTNPDYTNLLCRVTSSDFTVLFDRLSLTVMSYQMRGCMLVLTVTLQNSRTPKYTFGVVKPGETFTVLAAYNGKPQGAFHVTMRSSYTIKGSFLCGSCGSVGYVIMGDCVKFVYMHQLELSTGCHTGTDFNGDFYGPYKDAQVVQLPIQDYIQSVNFLAWLYAAILNNCNWFIQSDKCSVEDFNVWALSNGFSQVKSDLVIDALASMTGVSLETLLAAIKRLKNGFQGRQIMGSCSFEDELTPSDVYQQLAGIKLQ
C5IG90_Env,MMFPRAFTIIDDHGMVVNFFFWLLLIIILILFSIALLNVIKLCMVCCNLGKTIIVLPVRHAYDAYKTFMQIKAYNPDEAFLV
P10613,MAIVETVIDGINYFLSLSVTQQISILLGVPFVYNLVWQYLYSLRKDRAPLVFYWIPWFGSAASYGQQPYEFFESCRQKYGDVFSFMLLGKIMTVYLGPKGHEFVFNAKLSDVSAEDAYKHLTTPVFGKGVIYDCPNSRLMEQKKFAKFALTTDSFKRYVPKIREEILNYFVTDESFKLKEKTHGVANVMKTQPEITIFTASRSLFGDEMRRIFDRSFAQLYSDLDKGFTPINFVFPNLPLPHYWRRDAAQKKISATYMKEIKSRRERGDIDPNRDLIDSLLIHSTYKDGVKMTDQEIANLLIGILMGGQHTSASTSAWFLLHLGEKPHLQDVIYQEVVELLKEKGGDLNDLTYEDLQKLPSVNNTIKETLRMHMPLHSIFRKVTNPLRIPETNYIVPKGHYVLVSPGYAHTSERYFDNPEDFDPTRWDTAAAKANSVSFNSSDEVDYGFGKVSKGVSSPYLPFGGGRHRCIGEQFAYVQLGTILTTFVYNLRWTIDGYKVPDPDYSSMVVLPTEPAEIIWEKRETCMF
